role,tableQ,label,hostRole,axisCount,lineItemCount,workbookSheet,abstract
[400400o] Disclosures - Directors report,in-gaap:DisclosuresRelatingToEmployeeStockPurchaseSchemeTable,Disclosures relating to employee stock purchase scheme [Table],[400400] Disclosures - Directors report,1,7,EmployeeStockPurchaseScheme,in-gaap:DisclosuresRelatingToEmployeeStockPurchaseSchemeAbstract
[400400c] Disclosures - Directors report,in-ca:ParticularsOfHoldingSubsidiaryAndAssociateCompaniesTable,"Particulars of holding, subsidiary and associate companies [Table]",[400400] Disclosures - Directors report,1,8,Table4,in-ca:ParticularsOfHoldingSubsidiaryAndAssociateCompaniesAbstract
[200600c] Notes - Subclassification and notes on liabilities and assets,in-gaap:LoansAndAdvancesTable,Loans and advances [Table],[200600] Notes - Subclassification and notes on liabilities and assets,3,12,LoansAndAdvances,in-gaap:LoansAndAdvancesAbstract
[400400] Disclosures - Directors report,in-ca:DetailsOfContractsArrangementsTransactionsNotAtArmsLengthBasisTable,Details of contracts/arrangements/transactions not at arm's length basis [Table],[400400] Disclosures - Directors report,1,7,Table1,in-ca:DetailsOfContractsArrangementsTransactionsNotAtArmsLengthBasisAbstract
[200401] Notes - Non-current investments/total,in-gaap:DetailsOfNoncurrentInvestmentsTable,Details of non-current investments [Table],[200400] Notes - Non-current investments,0,1,DetailsOfNoncurentInvstmnts,in-gaap:DisclosureOfDetailsOfNoncurrentInvestmentsAbstract
[201500] Notes - Impairment,in-gaap:DisclosureOfImpairmentLossAndReversalOfImpairmentLossTable,Disclosure of impairment loss and reversal of impairment loss [Table],[201500] Notes - Impairment,1,6,ImpairmentLoss,in-gaap:DisclosureOfImpairmentLossAndReversalOfImpairmentLossAbstract
[300600d] Notes - Additional information statement of profit and loss,in-gaap:DetailsOfPurchasesAndSalesOfTradingCompaniesTable,Details of purchases and sales of trading companies [Table],[300600] Notes - Additional information statement of profit and loss,1,3,PurchSalesOfTradingCompnies,in-gaap:AdditionalDetailsInCaseOfTradingCompaniesAbstract
[400300a] Disclosures - Signatories of financial statements,in-ca:DetailsOfManagerSigningFinancialStatementsTable,Details of manager signing financial statements [Table],[400300] Disclosures - Signatories of financial statements,1,5,ManagerSigningBalanceSheet,in-ca:DetailsOfManagerSigningFinancialStatementsAbstract
[200700b] Notes - Additional disclosures on balance sheet,in-ca:DetailsOfShareholdingPatternOfPromotersAndPublicTable,Details of shareholding pattern of promoters and public [Table],[200700] Notes - Additional disclosures on balance sheet,2,30,ShareholdngPttrnPromotrPublic,in-ca:DetailsOfShareholdingPatternOfPromotersAndPublicAbstract
[202800] Notes - Subsidiary information,in-ca:DetailsOfSubsidiariesTable,Details of subsidiaries [Table],[202800] Notes - Subsidiary information,1,26,DetailsOfSubsidiaries,in-ca:DetailsOfSubsidiariesAbstract
[300400] Notes - Employee share-based payments,in-gaap:DisclosureOfTermsAndConditionsOfEmployeeSharebasedPaymentArrangementTable,Disclosure of terms and conditions of employee share-based payment arrangement [Table],[300400] Notes - Employee share-based payments,1,8,TnCEmployeSharebsdPymt,in-gaap:DisclosureOfTermsAndConditionsOfEmployeeSharebasedPaymentArrangementAbstract
[300400b] Notes - Employee share-based payments,in-gaap:DisclosureOfNumberAndWeightedAverageRemainingContractualLifeOfOutstandingStockOptionsTable,Disclosure of number and weighted average remaining contractual life of outstanding stock options [Table],[300400] Notes - Employee share-based payments,1,2,ContLifeOutstndingStockOpt,in-gaap:DisclosureOfNumberAndWeightedAverageRemainingContractualLifeOfOutstandingStockOptionsAbstract
[200200] Notes - Reserves and surplus,in-gaap:StatementOfChangesInReservesTable,Statement of changes in reserves [Table],[200200] Notes - Reserves and surplus,1,33,ChangesInReserves,in-gaap:StatementOfChangesInReservesAbstract
[400400d] Disclosures - Directors report,in-ca:DetailsOfShareholdingPatternTable,Details of shareholding pattern [Table],[400400] Disclosures - Directors report,1,9,Table5,in-ca:DetailsOfShareholdingPatternAbstract
[400401] Disclosures - Directors report/total,in-ca:ParticularsOfHoldingSubsidiaryAndAssociateCompaniesTable,"Particulars of holding, subsidiary and associate companies [Table]",[400400] Disclosures - Directors report,0,1,Table4,in-ca:ParticularsOfHoldingSubsidiaryAndAssociateCompaniesAbstract
[200501] Notes - Current investments/total,in-gaap:DetailsOfCurrentInvestmentsTable,Details of current investments [Table],[200500] Notes - Current investments,0,1,DetailsOfCurentInvstments,in-gaap:DisclosureOfDetailsOfCurrentInvestmentsAbstract
[202001] Notes - Discontinuing operations/total,in-gaap:DisclosureOfDiscontinuedOperationsTable,Disclosure of discontinuing operations [Table],[202000] Notes - Discontinuing operations,0,3,DiscontinuedOperations,in-gaap:DisclosureOfDiscontinuedOperationsAbstract
[201400] Notes - Leases,in-gaap:DisclosureOfMinimumFinanceLeasePaymentsAndPresentValueByLesseeTable,Disclosure of minimum finance lease payments and present value by lessee [Table],[201400] Notes - Leases,1,3,DiscMiniFinLeasePymt,in-gaap:DisclosureOfMinimumFinanceLeasePaymentsAndPresentValueByLesseeAbstract
[201601] Notes - Related party/total,in-gaap:DisclosureOfRelationshipAndTransactionsBetweenRelatedPartiesTable,Disclosure of relationship and transactions between related parties [Table],[201600] Notes - Related party,0,4,RelationTransBwReltedParties,in-gaap:DisclosureOfRelationshipAndTransactionsBetweenRelatedPartiesAbstract
"[202100a] Notes - Other provisions, contingent liabilities and contingent assets",in-gaap:DisclosureOfContingentLiabilitiesTable,Disclosure of contingent liabilities [Table],"[202100] Notes - Other provisions, contingent liabilities and contingent assets",1,5,ContingentLiabilities,in-gaap:DisclosureOfContingentLiabilitiesAbstract
[200600f] Notes - Subclassification and notes on liabilities and assets,in-gaap:SubclassificationOfTradeReceivablesTable,Subclassification of trade receivables [Table],[200600] Notes - Subclassification and notes on liabilities and assets,1,10,TradeReceivables,in-gaap:SubclassificationOfTradeReceivablesAbstract
[301000] Notes - Corporate social responsibility,in-ca:DisclosureOfNetProfitsForLastThreeFinancialYearsTable,Disclosure of net profits for last three financial years [Table],[301000] Notes - Corporate social responsibility,1,3,NetProfitLast3FA,in-ca:DisclosureOfNetProfitsForLastThreeFinancialYearsAbstract
[400400h] Disclosures - Directors report,in-ca:DetailsOfShareholdingPatternOfDirectorsAndKeyManagerialPersonnelTable,Details of shareholding pattern of directors and key managerial personnel [Table],[400400] Disclosures - Directors report,2,8,Table9,in-ca:DetailsOfShareholdingPatternOfDirectorsAndKeyManagerialPersonnelAbstract
[200600] Notes - Subclassification and notes on liabilities and assets,in-gaap:DisclosureOfBreakupOfProvisionsTable,Disclosure of breakup of provisions [Table],[200600] Notes - Subclassification and notes on liabilities and assets,1,26,BreakupOfProvisions,in-gaap:DisclosureOfBreakupOfProvisionsAbstract
[200500] Notes - Current investments,in-gaap:DetailsOfCurrentInvestmentsTable,Details of current investments [Table],[200500] Notes - Current investments,1,16,DetailsOfCurentInvstments,in-gaap:DisclosureOfDetailsOfCurrentInvestmentsAbstract
[400400b] Disclosures - Directors report,in-ca:DetailsOfPrincipalBusinessActivitiesContributing10PercentOrMoreOfTotalTurnoverOfCompanyTable,Details of principal business activities contributing 10% or more of total turnover of company [Table],[400400] Disclosures - Directors report,1,4,Table3,in-ca:DetailsOfPrincipalBusinessActivitiesContributing10PercentOrMoreOfTotalTurnoverOfCompanyAbstract
[202500] Notes - Financial reporting of interests in joint ventures,in-gaap:DisclosureOfInterestsInSignificantJointVenturesTable,Disclosure of interests in significant joint ventures [Table],[202500] Notes - Financial reporting of interests in joint ventures,1,18,InterestsInSignificantJV,in-gaap:DisclosureOfInterestsInSignificantJointVenturesAbstract
[400400m] Disclosures - Directors report,in-ca:DetailsOfManagerialPersonnelsRemunerationTable,Details of managerial personnels remuneration [Table],[400400] Disclosures - Directors report,1,3,Table14,in-ca:DetailsOfManagerialPersonnelsRemunerationAbstract
[201000] Notes - Tangible assets,in-gaap:DisclosureOfTangibleAssetsTable,Disclosure of tangible assets [Table],[201000] Notes - Tangible assets,3,16,DisclosrTangibleAssets,in-gaap:DisclosureOfTangibleAssetsAbstract
[202400b] Notes - Investments in associates,in-ca:DetailsOfAssociatesLiquidatedOrSoldDuringYearTable,Details of associates liquidated or sold during year [Table],[202400] Notes - Investments in associates,1,6,AssocLiquidatedOrSold,in-ca:DetailsOfAssociatesLiquidatedOrSoldDuringYearAbstract
[200700a] Notes - Additional disclosures on balance sheet,in-gaap:AcquisitionAndDisposalOfInvestmentsTable,Acquisition and disposal of investments [Table],[200700] Notes - Additional disclosures on balance sheet,1,7,AcqusitionDisposlOfInvstmnts,in-gaap:DetailsOfAcquisitionAndDisposalOfInvestmentsAbstract
[400200] Disclosures - Auditors report,in-ca:DisclosureOfAuditorsQualificationsReservationsOrAdverseRemarksInAuditorsReportTable,"Disclosure of auditor's qualification(s), reservation(s) or adverse remark(s) in auditors' report [Table]",[400200] Disclosures - Auditors report,1,25,AuditorsQualifications,in-ca:DisclosureOfAuditorsQualificationsReservationsOrAdverseRemarksInAuditorsReportAbstract
[201500a] Notes - Impairment,in-gaap:DisclosureOfImpairmentOfAssetsInPrimarySegmentDisclosureFormatTable,Disclosure of impairment of assets in primary segment disclosure format [Table],[201500] Notes - Impairment,1,4,ImpairmentOfAssets,in-gaap:DisclosureOfImpairmentOfAssetsInPrimarySegmentDisclosureFormatAbstract
[400400g] Disclosures - Directors report,in-ca:DetailsOfShareholdingPatternOfTop10ShareholdersTable,Details of shareholding pattern of top 10 shareholders [Table],[400400] Disclosures - Directors report,2,8,Table8,in-ca:DetailsOfShareholdingPatternOfTop10ShareholdersAbstract
[400400k] Disclosures - Directors report,in-ca:DetailsRegardingAuditorsQualificationsReservationsAdverseRemarksInAuditorsReportTable,"Details regarding auditors' qualification(s), reservation(s) adverse remark(s) in auditors' report [Table]",[400400] Disclosures - Directors report,1,2,Table12,in-ca:DetailsRegardingAuditorsQualificationsReservationsAdverseRemarksInAuditorsReportAbstract
[400400l] Disclosures - Directors report,in-ca:DetailsRegardingCompanySecretaryQualificationOrObservationOrOtherRemarksInSecretarialAuditReportTable,Details regarding company secretary qualification or observation or other remarks in secretarial audit report [Table],[400400] Disclosures - Directors report,1,2,Table13,in-ca:DetailsRegardingCompanySecretaryQualificationOrObservationOrOtherRemarksInSecretarialAuditReportAbstract
[201100] Notes - Intangible assets,in-gaap:DisclosureOfIntangibleAssetsTable,Disclosure of intangible assets [Table],[201100] Notes - Intangible assets,3,19,DisclosrIntangibleAssets,in-gaap:DisclosureOfIntangibleAssetsAbstract
[202800b] Notes - Subsidiary information,in-ca:DetailsOfSubsidiariesLiquidatedOrSoldDuringYearTable,Details of subsidiaries liquidated or sold during year [Table],[202800] Notes - Subsidiary information,1,6,SubsidiaryLiquidatedOrSold,in-ca:DetailsOfSubsidiariesLiquidatedOrSoldDuringYearAbstract
[200300] Notes - Borrowings,in-gaap:ClassificationOfBorrowingsTable,Classification of borrowings [Table],[200300] Notes - Borrowings,3,10,ClassificationOfBorrowings,in-gaap:DetailsOfBorrowingsAbstract
[202400a] Notes - Investments in associates,in-ca:DetailsOfAssociatesWhichAreYetToCommenceOperationsTable,Details of associates which are yet to commence operations [Table],[202400] Notes - Investments in associates,1,6,AssocYetToCommenceOptr,in-ca:DetailsOfAssociatesWhichAreYetToCommenceOperationsAbstract
[200600e] Notes - Subclassification and notes on liabilities and assets,in-gaap:ClassificationOfInventoriesTable,Classification of inventories [Table],[200600] Notes - Subclassification and notes on liabilities and assets,1,6,Inventories,in-gaap:ClassificationOfInventoriesAbstract
[300600c] Notes - Additional information statement of profit and loss,in-gaap:DetailsOfWorkInProgressTable,Details of work-in-progress [Table],[300600] Notes - Additional information statement of profit and loss,1,2,WorkInProgress,in-gaap:DetailsOfWorkInProgressAbstract
[201400c] Notes - Leases,in-gaap:DisclosureOfFutureMinimumLeasePaymentsReceivableUnderNonCancellableOperatingLeasesByLessorTable,Disclosure of future minimum lease payments receivable under non cancellable operating leases by lessor [Table],[201400] Notes - Leases,1,1,DiscFutureMiniLease,in-gaap:DisclosureOfFutureMinimumLeasePaymentsReceivableUnderNonCancellableOperatingLeasesByLessorAbstract
[201000a] Notes - Tangible assets,in-gaap:DisclosureOfAdditionalInformationTangibleAssetsTable,Disclosure of additional information tangible assets [Table],[201000] Notes - Tangible assets,2,16,AddiInfoTangibleAssets,in-gaap:DisclosureOfAdditionalInformationTangibleAssetsAbstract
[201200] Notes - Employee benefits,in-gaap:DisclosureOfDefinedBenefitPlansTable,Disclosure of defined benefit plans [Table],[201200] Notes - Employee benefits,2,94,DefinedBenefitPlans,in-gaap:DisclosureOfDefinedBenefitPlansAbstract
[201100b] Notes - Intangible assets,in-gaap:DisclosureOfInformationOnMaterialIndividualIntangibleAssetsTable,Disclosure of information on material individual intangible assets [Table],[201100] Notes - Intangible assets,1,3,InfoMatriaIndividlIntangAssts,in-gaap:DisclosureOfInformationOnMaterialIndividualIntangibleAssetsAbstract
[400400e] Disclosures - Directors report,in-ca:DetailsOfShareholdingOfPromotersTable,Details of shareholding of promoters [Table],[400400] Disclosures - Directors report,1,8,Table6,in-ca:DetailsOfShareholdingOfPromotersAbstract
[200300a] Notes - Borrowings,in-gaap:DetailsOfBondsOrDebenturesTable,Details of bonds or debentures [Table],[200300] Notes - Borrowings,1,12,DetailsOfBondsOrDebentures,in-gaap:DetailsOfBondsOrDebenturesAbstract
[400400n] Disclosures - Directors report,in-gaap:DisclosuresRelatingToEmployeeStockOptionSchemeTable,Disclosures relating to employee stock option scheme [Table],[400400] Disclosures - Directors report,1,27,DiscEmployeeStockOptionScheme,in-gaap:DisclosuresRelatingToEmployeeStockOptionSchemeAbstract
[200100a] Notes - Share capital,in-gaap:DisclosureOfShareholdingMoreThanFivePerCentInCompanyTable,Disclosure of shareholding more than five per cent in company [Table],[200100] Notes - Share capital,2,7,ShareholdingMorThnFivePerCent,in-gaap:DisclosureOfShareholdingMoreThanFivePerCentInCompanyAbstract
[201600] Notes - Related party,in-gaap:DisclosureOfRelationshipAndTransactionsBetweenRelatedPartiesTable,Disclosure of relationship and transactions between related parties [Table],[201600] Notes - Related party,1,103,RelationTransBwReltedParties,in-gaap:DisclosureOfRelationshipAndTransactionsBetweenRelatedPartiesAbstract
[202600a] Notes - Consolidated financial statements,in-gaap:DisclosureOfDetailsOfEntitiesConsolidatedTable,Disclosure of details of entities consolidated [Table],[202600] Notes - Consolidated financial statements,1,6,EntitiesConsolidated,in-gaap:DisclosureOfAdditionalInformationConsolidatedFinancialStatementsAbstract
[201400b] Notes - Leases,in-gaap:DisclosureOfGrossInvestmentInLeaseAndPresentValueOfMinimumLeasePaymentsReceivableInFinanceLeaseByLessorTable,Disclosure of gross investment in lease and present value of minimum lease payments receivable in finance lease by lessor [Table],[201400] Notes - Leases,1,3,DiscGrossInvstmntInLease,in-gaap:DisclosureOfGrossInvestmentInLeaseAndPresentValueOfMinimumLeasePaymentsReceivableInFinanceLeaseByLessorAbstract
[200600g] Notes - Subclassification and notes on liabilities and assets,in-ca:DisclosureOfDetailsOfBalancesWithBanksTable,Disclosure of details of balances with banks [Table],[200600] Notes - Subclassification and notes on liabilities and assets,1,3,BalancesWithBanks,in-ca:DisclosureOfDetailsOfBalancesWithBanksAbstract
[300700] Notes - Key managerial personnels and directors remuneration and other information,in-ca:DisclosureOfKeyManagerialPersonnelsAndDirectorsAndRemunerationToKeyManagerialPersonnelsAndDirectorsTable,Disclosure of key managerial personnels and directors and remuneration to key managerial personnels and directors [Table],[300700] Notes - Key managerial personnels and directors remuneration and other information,1,19,DirectorsAndRemuneration,in-ca:DisclosureOfKeyManagerialPersonnelsAndDirectorsAndRemunerationToKeyManagerialPersonnelsAndDirectorsAbstract
[300600e] Notes - Additional information statement of profit and loss,in-gaap:DetailsOfRawMaterialsSparePartsAndComponentsConsumedTable,"Details of raw materials, spare parts and components consumed [Table]",[300600] Notes - Additional information statement of profit and loss,2,2,RawMaterialsSpareParts,in-gaap:DetailsOfRawMaterialsSparePartsAndComponentsConsumedAbstract
[202500a] Notes - Financial reporting of interests in joint ventures,in-ca:DetailsOfJointVenturesWhichAreYetToCommenceOperationsTable,Details of joint ventures which are yet to commence operations [Table],[202500] Notes - Financial reporting of interests in joint ventures,1,6,JVYetToCommenceOptr,in-ca:DetailsOfJointVenturesWhichAreYetToCommenceOperationsAbstract
[400400j] Disclosures - Directors report,in-ca:DetailsOfPenaltyPunishmentCompoundingOfOffenceTable,Details of penalty/punishment/compounding of offence [Table],[400400] Disclosures - Directors report,1,12,Table11,in-ca:DetailsOfPenaltyPunishmentCompoundingOfOffenceAbstract
[200100] Notes - Share capital,in-gaap:DisclosureOfClassesOfShareCapitalTable,Disclosure of classes of share capital [Table],[200100] Notes - Share capital,1,89,ClassesOfShareCapitalTable,in-gaap:DisclosureOfClassesOfShareCapitalAbstract
[202000] Notes - Discontinuing operations,in-gaap:DisclosureOfDiscontinuedOperationsTable,Disclosure of discontinuing operations [Table],[202000] Notes - Discontinuing operations,1,26,DiscontinuedOperations,in-gaap:DisclosureOfDiscontinuedOperationsAbstract
[400100] Disclosure of general information about company,in-ca:DisclosureOfPrincipalProductOrServicesTable,Disclosure of principal product or services [Table],[400100] Disclosure of general information about company,1,8,ProductServiceDetails,in-ca:DisclosureOfPrincipalProductOrServicesAbstract
[201300] Notes - Segments,in-gaap:DisclosureOfPrimaryReportableSegmentsTable,Disclosure of primary reportable segments [Table],[201300] Notes - Segments,1,19,PrimaryReportableSegments,in-gaap:DisclosureOfPrimaryReportableSegmentsAbstract
[300400a] Notes - Employee share-based payments,in-gaap:DisclosureOfNumberAndWeightedAverageExercisePricesOfStockOptionsTable,Disclosure of number and weighted average exercise prices of stock options [Table],[300400] Notes - Employee share-based payments,1,2,NumWghtAvgExrcisPricsStockOpt,in-gaap:DisclosureOfNumberAndWeightedAverageExercisePricesOfStockOptionsAbstract
[202600] Notes - Consolidated financial statements,in-gaap:DisclosureOfDetailsOfSubsidiariesTable,Disclosure of details of subsidiaries [Table],[202600] Notes - Consolidated financial statements,1,9,DiscDetailsOfSubsidiaries,in-gaap:DisclosureOfDetailsOfSubsidiariesAbstract
[200600b] Notes - Subclassification and notes on liabilities and assets,in-gaap:DisclosureOfDetailsOfPreproducingPropertiesTable,Disclosure of details of preproducing properties [Table],[200600] Notes - Subclassification and notes on liabilities and assets,2,8,DetailsPreproducingProprties,in-gaap:DisclosureOfDetailsOfPreproducingPropertiesAbstract
[201300c] Notes - Segments,in-gaap:AdditionalGeographicalDisclosureOfDetailsOnAssetsBasedOnLocationOfAssetsTable,Additional geographical disclosure of details on assets based on location of assets [Table],[201300] Notes - Segments,1,5,AddlGeoDisclOnAssets,in-gaap:AdditionalGeographicalDisclosureOfDetailsOnAssetsBasedOnLocationOfAssetsAbstract
[300600] Notes - Additional information statement of profit and loss,in-gaap:DetailsOfRawMaterialsConsumedTable,Details of raw materials consumed [Table],[300600] Notes - Additional information statement of profit and loss,1,2,RawMaterialsConsumed,in-gaap:DetailsOfRawMaterialsConsumedAbstract
[201100a] Notes - Intangible assets,in-gaap:DisclosureOfAdditionalInformationIntangibleAssetsTable,Disclosure of additional information intangible assets [Table],[201100] Notes - Intangible assets,2,10,AddiInfoIntangibleAssets,in-gaap:DisclosureOfAdditionalInformationIntangibleAssetsAbstract
[400400p] Disclosures - Directors report,in-ca:DetailsOfDirectorsSigningBoardReportTable,Details of directors signing board report [Table],[400400] Disclosures - Directors report,1,6,DirectorsSigningBoardReport,in-ca:DetailsOfSignatoriesOfBoardReportAbstract
"[202100] Notes - Other provisions, contingent liabilities and contingent assets",in-gaap:DisclosureOfOtherProvisionsTable,Disclosure of other provisions [Table],"[202100] Notes - Other provisions, contingent liabilities and contingent assets",1,13,OtherProvisions,in-gaap:DisclosureOfOtherProvisionsAbstract
[400400f] Disclosures - Directors report,in-ca:DetailsOfChangeInPromotersShareholdingTable,Details of change in promoters’ shareholding [Table],[400400] Disclosures - Directors report,2,8,Table7,in-ca:DetailsOfChangeInPromotersShareholdingAbstract
[202800a] Notes - Subsidiary information,in-ca:DetailsOfSubsidiariesWhichAreYetToCommenceOperationsTable,Details of subsidiaries which are yet to commence operations [Table],[202800] Notes - Subsidiary information,1,6,SubsidiaryYetToCommenceOptr,in-ca:DetailsOfSubsidiariesWhichAreYetToCommenceOperationsAbstract
[400400a] Disclosures - Directors report,in-ca:DetailsOfMaterialContractsArrangementsTransactionsAtArmsLengthBasisTable,Details of material contracts/arrangements/transactions at arm's length basis [Table],[400400] Disclosures - Directors report,1,7,Table2,in-ca:DetailsOfMaterialContractsArrangementsTransactionsAtArmsLengthBasisAbstract
[400400i] Disclosures - Directors report,in-ca:DetailsOfIndebtednessOfCompanyTable,Details of indebtedness of company [Table],[400400] Disclosures - Directors report,1,11,Table10,in-ca:DetailsOfIndebtednessOfCompanyAbstract
[200600d] Notes - Subclassification and notes on liabilities and assets,in-gaap:ClassificationOfLongTermTradeReceivablesTable,Classification of long-term trade receivables [Table],[200600] Notes - Subclassification and notes on liabilities and assets,1,10,LongTermTradeReceivables,in-gaap:LongTermTradeReceivablesAbstract
[200700] Notes - Additional disclosures on balance sheet,in-gaap:DetailsOfDisclosuresRequiredUnderMSMEDAct2006Table,Details of disclosures required under MSMED Act 2006 [Table],[200700] Notes - Additional disclosures on balance sheet,1,11,DisclosReqUnderMSMEDAct2006,in-gaap:DetailsOfDisclosuresRequiredUnderMSMEDAct2006Abstract
[400300] Disclosures - Signatories of financial statements,in-ca:DetailsOfDirectorsSigningFinancialStatementsTable,Details of directors signing financial statements [Table],[400300] Disclosures - Signatories of financial statements,1,6,DirectorsSigningBalanceSheet,in-ca:DetailsOfDirectorsSigningFinancialStatementsAbstract
[400200a] Disclosures - Auditors report,in-ca:DetailsRegardingAuditorsTable,Details regarding auditors [Table],[400200] Disclosures - Auditors report,1,10,DetailsRegardingAuditors,in-ca:DetailsRegardingAuditorsAbstract
[300600a] Notes - Additional information statement of profit and loss,in-gaap:DetailsOfGoodsPurchasedTable,Details of goods purchased [Table],[300600] Notes - Additional information statement of profit and loss,1,2,GoodsPurchased,in-gaap:DetailsOfGoodsPurchasedAbstract
[400500] Disclosures - Secretarial audit report,in-ca:DetailsOfSignatoriesOfSecretarialAuditReportTable,Details of signatories of secretarial audit report [Table],[400500] Disclosures - Secretarial audit report,1,9,SignatoriesSecretarialAudRep,in-ca:DetailsOfSignatoriesOfSecretarialAuditReportAbstract
[202400] Notes - Investments in associates,in-gaap:DescriptionOfInformationOfAssociatesTable,Description of information of associates [Table],[202400] Notes - Investments in associates,1,31,InformationOfAssociates,in-gaap:DescriptionOfInformationOfAssociatesAbstract
[200600a] Notes - Subclassification and notes on liabilities and assets,in-gaap:DisclosureOfDetailsOfProducingPropertiesTable,Disclosure of details of producing properties [Table],[200600] Notes - Subclassification and notes on liabilities and assets,1,6,DetailsOfProducingProperties,in-gaap:DisclosureOfDetailsOfProducingPropertiesAbstract
[200400] Notes - Non-current investments,in-gaap:DetailsOfNoncurrentInvestmentsTable,Details of non-current investments [Table],[200400] Notes - Non-current investments,1,16,DetailsOfNoncurentInvstmnts,in-gaap:DisclosureOfDetailsOfNoncurrentInvestmentsAbstract
[201300b] Notes - Segments,in-gaap:AdditionalGeographicalDisclosureOfRevenueFromCustomersBasedOnCustomerLocationTable,Additional geographical disclosure of revenue from customers based on customer location [Table],[201300] Notes - Segments,1,2,AddlGeoDisclOfRevenueFrmCust,in-gaap:AdditionalGeographicalDisclosureOfRevenueFromCustomersBasedOnCustomerLocationAbstract
[301000a] Notes - Corporate social responsibility,in-gaap:ClassificationOfCSRSpendingTable,Classification of CSR spending [Table],[301000] Notes - Corporate social responsibility,1,12,ClassificationOfCSRSpending,in-gaap:MannerInWhichAmountCSRSpentDuringFinancialYearAbstract
[202300] Notes - Amalgamation,in-gaap:DisclosureOfAmalgamationsTable,Disclosure of amalgamations [Table],[202300] Notes - Amalgamation,1,18,DisclAmalgamations,in-gaap:DisclosureOfAmalgamationsAbstract
[202500b] Notes - Financial reporting of interests in joint ventures,in-ca:DetailsOfJointVenturesLiquidatedOrSoldDuringYearTable,Details of joint ventures liquidated or sold during year [Table],[202500] Notes - Financial reporting of interests in joint ventures,1,6,JVLiquidatedOrSold,in-ca:DetailsOfJointVenturesLiquidatedOrSoldDuringYearAbstract
[201300a] Notes - Segments,in-gaap:DisclosureOfSecondaryReportableSegmentsTable,Disclosure of secondary reportable segments [Table],[201300] Notes - Segments,1,19,SecondaryReportableSegments,in-gaap:DisclosureOfSecondaryReportableSegmentsAbstract
[201500b] Notes - Impairment,in-gaap:DisclosureOfImpairmentLossRecognisedOrReversedTable,Disclosure of impairment loss recognised or reversed [Table],[201500] Notes - Impairment,3,10,ImpairmentLossRecognised,in-gaap:DisclosureOfImpairmentLossRecognisedOrReversedAbstract
[200600h] Notes - Subclassification and notes on liabilities and assets,in-ca:DisclosureOfDetailsOfBalancesWithForeignBanksTable,Disclosure of details of balances with foreign banks [Table],[200600] Notes - Subclassification and notes on liabilities and assets,1,4,BalancesForeignBanks,in-ca:DisclosureOfDetailsOfBalancesWithForeignBanksAbstract
[300600b] Notes - Additional information statement of profit and loss,in-gaap:DetailsOfManufacturedAndTradedGoodsTable,Details of manufactured and traded goods [Table],[300600] Notes - Additional information statement of profit and loss,1,4,ManufacturedAndTradedGoods,in-gaap:DetailsOfManufacturedAndTradedGoodsAbstract
[201400a] Notes - Leases,in-gaap:DisclosureOfMinimumOperatingLeasePaymentsByLesseeTable,Disclosure of minimum operating lease payments by lessee [Table],[201400] Notes - Leases,1,1,DisMiniOprtngLeasePymt,in-gaap:DisclosureOfMinimumOperatingLeasePaymentsByLesseeAbstract
