sheet,rows,cols,nonempty,formulas,validations,hyperlinks
MiscData,247,35,499,0,0,0
Macro_Warning,7,2,4,1,0,1
Main,48,11,96,1,0,47
GeneralInfo,53,14,172,0,6,2
ProductServiceDetails,61,20,37,0,0,2
BalanceSheet,51,14,204,54,0,39
Profit&Loss,60,14,242,64,0,33
CashFlowDirect,73,14,220,18,1,1
CashFlowIndirect,84,14,310,28,1,5
ShareCapital,31,15,104,0,3,5
ClassesOfShareCapitalTable,61,224,2133,1752,2,8
ClassesOfShareCapitalTablePY,61,224,2123,1752,2,8
ShareholdingMorThnFivePerCent,61,19,176,0,3,2
ShareholdingMorThnFivePerCentPY,61,19,177,0,4,2
Reserves&Surplus,9,227,34,0,0,3
ChangesInReserves,61,50,669,450,1,6
ChangesInReservesPY,61,50,671,450,1,6
Borrowings,10,15,35,0,0,5
ClassificationOfBorrowings,61,219,211,0,5,4
ClassificationOfBorrowingsPY,61,27,206,0,5,4
DetailsOfBondsOrDebentures,61,24,38,0,5,2
DetailsOfBondsOrDebenturesPY,61,24,39,0,5,2
NonCurrentInvestments,13,15,53,0,0,3
DetailsOfNoncurentInvstmnts,61,219,108,0,3,3
DetailsOfNoncurentInvstmntsPY,61,219,110,0,3,3
CurrentInvestments,13,15,43,0,0,3
DetailsOfCurentInvstments,61,29,100,0,3,3
DetailsOfCurentInvstmentsPY,61,29,101,0,3,3
SubclsifictionLiabilitisAssets,168,227,699,26,1,19
BreakupOfProvisions,61,43,431,300,1,6
BreakupOfProvisionsPY,61,43,432,300,1,6
DetailsOfProducingProperties,61,19,135,100,1,2
DetailsOfProducingPropertiesPY,61,19,136,100,1,2
DetailsPreproducingProprties,61,22,147,100,2,2
DetailsPreproducingProprtiesPY,61,22,148,100,2,2
LoansAndAdvances,61,30,329,150,3,4
LoansAndAdvancesPY,61,30,330,150,3,4
LongTermTradeReceivables,61,26,204,150,1,4
LongTermTradeReceivablesPY,61,26,205,150,1,4
Inventories,61,19,71,0,1,2
InventoriesPY,61,19,72,0,1,2
TradeReceivables,61,26,214,150,1,4
TradeReceivablesPY,61,26,215,150,1,4
BalancesWithBanks,61,15,20,0,0,2
BalancesWithBanksPY,61,15,21,0,0,2
BalancesForeignBanks,61,16,22,0,0,2
BalancesForeignBanksPY,61,16,23,0,0,2
AdditionalDisclosuresOnBS,132,227,539,14,3,7
DisclosReqUnderMSMEDAct2006,61,23,86,50,0,2
DisclosReqUnderMSMEDAct2006PY,61,23,87,50,0,2
ShareholdngPttrnPromotrPublic,61,256,191,50,3,2
ShareholdngPttrnPromotrPublicPY,61,256,192,50,3,2
AcqusitionDisposlOfInvstmnts,61,19,28,0,0,2
AcqusitionDisposlOfInvstmntsPY,61,19,29,0,0,2
DisclosureOfAccountingPolicies,19,227,68,0,0,1
EventsOccurringAfterBSDate,6,15,22,0,0,1
TangibleAssets,9,126,34,0,0,5
DisclosrTangibleAssets,61,67,1461,1000,2,6
AddiInfoTangibleAssets,61,236,326,0,3,3
AddiInfoTangibleAssetsPY,61,31,324,0,3,3
IntangibleAssets,12,15,42,0,0,7
DisclosrIntangibleAssets,61,75,1357,1100,2,6
AddiInfoIntangibleAssets,61,25,222,0,2,3
AddiInfoIntangibleAssetsPY,61,25,223,0,2,3
InfoMatriaIndividlIntangAssts,61,16,95,0,1,2
InfoMatriaIndividlIntangAsstsPY,61,16,96,0,1,2
EmployeeBenefits,22,227,67,0,0,3
DefinedBenefitPlans,61,219,1200,900,2,13
DefinedBenefitPlansPY,61,118,1201,900,2,13
Segments,17,15,51,0,0,9
PrimaryReportableSegments,61,33,231,100,1,3
PrimaryReportableSegmentsPY,61,33,232,100,1,3
SecondaryReportableSegments,61,33,231,100,1,3
SecondaryReportableSegmentsPY,61,33,232,100,1,3
AddlGeoDisclOfRevenueFrmCust,61,14,18,0,0,2
AddlGeoDisclOfRevenueFrmCustPY,61,14,19,0,0,2
AddlGeoDisclOnAssets,61,17,74,50,0,2
AddlGeoDisclOnAssetsPY,61,17,75,50,0,2
Leases,46,15,142,2,1,9
DiscMiniFinLeasePymt,61,16,32,0,1,2
DiscMiniFinLeasePymtPY,61,16,33,0,1,2
DisMiniOprtngLeasePymt,61,14,28,0,1,2
DisMiniOprtngLeasePymtPY,61,14,29,0,1,2
DiscGrossInvstmntInLease,61,16,32,0,1,2
DiscGrossInvstmntInLeasePY,61,16,33,0,1,2
DiscFutureMiniLease,61,14,28,0,1,2
DiscFutureMiniLeasePY,61,14,29,0,1,2
Impairment,15,15,53,0,0,7
ImpairmentLoss,61,19,35,0,1,2
ImpairmentLossPY,61,19,36,0,1,2
ImpairmentOfAssets,61,16,85,0,0,2
ImpairmentOfAssetsPY,61,16,86,0,0,2
ImpairmentLossRecognised,61,24,163,0,3,2
ImpairmentLossRecognisedPY,61,24,164,0,3,2
RelatedParty,9,15,32,0,2,3
RelationTransBwReltedParties,61,115,321,0,2,2
RelationTransBwReltedPartiesPY,61,115,305,0,2,2
GovernmentGrants,8,15,33,0,0,1
BorrowingCost,5,15,19,0,0,1
IncomeTaxes,30,126,92,4,0,1
DiscontinuingOperations,5,15,17,0,0,3
DiscontinuedOperations,61,40,222,150,1,4
DiscontinuedOperationsPY,61,40,223,150,1,4
OtherProvisionsContingent,11,15,41,0,0,5
OtherProvisions,61,28,179,100,1,4
OtherProvisionsPY,61,28,180,100,1,4
ContingentLiabilities,61,18,124,0,1,2
ContingentLiabilitiesPY,61,18,125,0,1,2
ChngesEfectsInForeignExchRates,15,15,49,0,0,1
Amalgamation,6,15,19,0,0,2
DisclAmalgamations,61,32,56,0,2,4
InvestmentsInAssociates,12,15,38,0,1,4
InformationOfAssociates,61,45,132,50,4,4
AssocYetToCommenceOptr,61,18,26,0,1,1
AssocLiquidatedOrSold,61,18,26,0,1,1
FinReportingOfInterestsInJV,26,15,94,2,1,4
InterestsInSignificantJV,61,30,100,50,4,2
JVYetToCommenceOptr,61,18,26,0,1,1
JVLiquidatedOrSold,61,18,26,0,1,1
ConsolidatedFinancialStatements,13,15,44,0,2,3
DiscDetailsOfSubsidiaries,61,22,35,0,2,3
EntitiesConsolidated,61,18,26,0,2,1
CashFlowStatements,30,126,99,6,0,1
SubsidiaryInformation,14,15,44,0,1,4
DetailsOfSubsidiaries,61,40,72,0,4,4
SubsidiaryYetToCommenceOptr,61,18,26,0,1,1
SubsidiaryLiquidatedOrSold,61,18,26,0,1,1
Revenue,6,227,22,0,0,1
ConstructionContracts,11,15,34,0,0,1
EarningsPerShare,25,15,89,4,0,5
EmployeeShare-basedPayments,45,126,155,0,0,7
TnCEmployeSharebsdPymt,61,20,30,0,0,2
TnCEmployeSharebsdPymtPY,61,20,31,0,0,2
NumWghtAvgExrcisPricsStockOpt,61,15,39,0,1,2
NumWghtAvgExrcisPricsStockOptPY,61,15,40,0,1,2
ContLifeOutstndingStockOpt,61,14,18,0,0,2
ContLifeOutstndingStockOptPY,61,14,19,0,0,2
SubclsfictionOnIncome&Expenses,286,227,939,74,0,3
AddinlInformtionStatementOfP&L,200,126,638,40,1,13
RawMaterialsConsumed,61,14,81,0,0,2
RawMaterialsConsumedPY,61,14,82,0,0,2
GoodsPurchased,61,14,84,0,0,2
GoodsPurchasedPY,61,14,85,0,0,2
ManufacturedAndTradedGoods,106,17,332,0,1,2
ManufacturedAndTradedGoodsPY,106,17,333,0,1,2
WorkInProgress,61,14,81,0,0,2
WorkInProgressPY,61,14,82,0,0,2
PurchSalesOfTradingCompnies,61,15,173,0,0,2
PurchSalesOfTradingCompniesPY,61,15,174,0,0,2
RawMaterialsSpareParts,61,16,99,0,3,2
RawMaterialsSparePartsPY,61,16,100,0,3,2
DirectorRemuneration&OtherInfo,5,126,16,0,0,2
DirectorsAndRemuneration,61,32,191,100,2,3
DisclosursRealEstateEntrprises,70,15,211,16,0,1
FinancialInstruments,23,15,67,0,0,1
CorporateSocialSesponsibility,34,126,115,4,1,5
NetProfitLast3FA,61,19,54,0,1,2
ClassificationOfCSRSpending,61,24,88,50,4,2
AuditorsReport,10,126,33,0,1,3
AuditorsQualifications,61,42,117,0,1,5
DetailsRegardingAuditors,61,22,45,0,2,2
SignatoriesOfBalanceSheet,15,14,39,0,1,3
DirectorsSigningBalanceSheet,61,18,39,0,1,2
ManagerSigningBalanceSheet,61,17,24,0,1,2
DirectorsReport,129,126,577,0,4,18
Table1,61,24,28,0,2,2
Table2,61,25,77,0,3,2
Table3,61,24,44,0,1,2
Table4,61,24,30,0,1,2
Table5,61,25,230,100,2,2
Table6,61,24,60,0,1,2
Table7,61,25,91,0,2,2
Table8,61,25,111,0,2,2
Table9,61,25,91,0,2,2
Table10,61,24,195,150,1,2
Table11,61,24,38,0,2,2
Table12,61,24,18,0,0,2
Table13,61,24,18,0,0,2
Table14,61,24,20,0,1,2
DiscEmployeeStockOptionScheme,61,41,74,0,1,4
EmployeeStockPurchaseScheme,61,19,28,0,0,2
DirectorsSigningBoardReport,61,18,39,0,1,2
SecretarialAuditReport,8,15,28,0,1,3
SignatoriesSecretarialAudRep,61,21,32,0,2,2
TaxonomyElements,3658,14,39525,7314,0,0
